{"RMSE": 0.1363488102003565, "MAE": 0.018590998043052837, "R2": -0.9187747035573117}